{
  "Mini, Mini, Mini by\u00a0Jacques\u00a0Dutronc": 5.555555555555555,
  "Et Moi, Et Moi, Et Moi by\u00a0Jacques\u00a0Dutronc": 0.7772020725388601,
  "Les Cactus by\u00a0Jacques\u00a0Dutronc": 4.273504273504273,
  "Fais Pas Ci, Fais Pas \u00c7a by\u00a0Jacques\u00a0Dutronc": 3.439153439153439,
  "Il Est Cinq Heures, Paris S'Eveille by\u00a0Jacques\u00a0Dutronc": 0,
  "J'aime les filles by\u00a0Jacques\u00a0Dutronc": 3.6036036036036037,
  "Les Playboys by\u00a0Jacques\u00a0Dutronc": 0,
  "Hippie Hippie Hourrah by\u00a0Jacques\u00a0Dutronc": 4.945054945054945,
  "L'Opportuniste by\u00a0Jacques\u00a0Dutronc": 0,
  "La Fille Du P\u00e8re No\u00ebl by\u00a0Jacques\u00a0Dutronc": 1.4981273408239701,
  "Le Responsable by\u00a0Jacques\u00a0Dutronc": 1.1278195488721803,
  "L'idole by\u00a0Jacques\u00a0Dutronc": 1.0,
  "On Nous Cache Tout, On Nous Dit Rien by\u00a0Jacques\u00a0Dutronc": 0.38167938931297707,
  "L'Idole (Je N'En Peux Plus) by\u00a0Jacques\u00a0Dutronc": 3.149606299212598,
  "La M\u00e9taphore by\u00a0Jacques\u00a0Dutronc": 0,
  "J'ai d\u00e9j\u00e0 donn\u00e9 by\u00a0Jacques\u00a0Dutronc": 2.4096385542168677,
  "Le Petit Jardin by\u00a0Jacques\u00a0Dutronc": 2.34375,
  "Les Gens Sont Fous, Les Temps Sont Flous by\u00a0Jacques\u00a0Dutronc": 0,
  "Gentleman Cambrioleur by\u00a0Jacques\u00a0Dutronc": 0,
  "L'Espace D'Une Fille by\u00a0Jacques\u00a0Dutronc": 0.0,
  "Les Rois De La R\u00e9forme by\u00a0Jacques\u00a0Dutronc": 1.9230769230769231,
  "Comment Elles Dorment by\u00a0Jacques\u00a0Dutronc": 0,
  "L'H\u00f4tesse De L'Air by\u00a0Jacques\u00a0Dutronc": 0,
  "Les M\u00e9tamorphoses by\u00a0Jacques\u00a0Dutronc": 0.4878048780487805,
  "\u00c7a Prend, \u00c7a N'Prend Pas by\u00a0Jacques\u00a0Dutronc": 0,
  "L'Augmentation by\u00a0Jacques\u00a0Dutronc": 0,
  "Laisse Lucie Faire by\u00a0Jacques\u00a0Dutronc": 0,
  "J'Ai Mis Un Tigre Dans Ma Guitare by\u00a0Jacques\u00a0Dutronc": 0,
  "L'hymne \u00e0 l'amour (moi l'noeud) by\u00a0Jacques\u00a0Dutronc": 0,
  "Les Roses Fan\u00e9es by\u00a0Jacques\u00a0Dutronc (Ft.\u00a0Jane\u00a0Birkin)": 1.4814814814814816,
  "Le Plus Difficile by\u00a0Jacques\u00a0Dutronc": 0,
  "Merde In France (Cacapoum) by\u00a0Jacques\u00a0Dutronc": 1.7811704834605597,
  "L'Aventurier by\u00a0Jacques\u00a0Dutronc": 11.067193675889328,
  "La Compapad\u00e9 by\u00a0Jacques\u00a0Dutronc": 1.238390092879257,
  "A Tout Berzingue by\u00a0Jacques\u00a0Dutronc": 0,
  "Les playboys - version espagnole by\u00a0Jacques\u00a0Dutronc": 0,
  "Opium by\u00a0Jacques\u00a0Dutronc": 0,
  "La Publicit\u00e9 by\u00a0Jacques\u00a0Dutronc": 4.21455938697318,
  "Il est cinq heures, paris s'eveille - remastered by\u00a0Jacques\u00a0Dutronc": 0,
  "Le Courrier Du C\u0153ur by\u00a0Jacques\u00a0Dutronc": 3.2710280373831773,
  "Un Jour Tu Verras by\u00a0Jacques\u00a0Dutronc": 0,
  "Elle m'a rien dit m'a tout dit by\u00a0Jacques\u00a0Dutronc": 2.601156069364162,
  "Sur Une Nappe De Restaurant by\u00a0Jacques\u00a0Dutronc": 0.0,
  "Elle Est Si... by\u00a0Jacques\u00a0Dutronc": 0,
  "Proverbes by\u00a0Jacques\u00a0Dutronc": 1.6286644951140066,
  "Mes Id\u00e9es Sales by\u00a0Jacques\u00a0Dutronc": 0.0,
  "Ballade Comestible by\u00a0Jacques\u00a0Dutronc": 0,
  "A La Vie, A L'Amour by\u00a0Jacques\u00a0Dutronc": 0,
  "Quand C'Est Us\u00e9 On Le Jette by\u00a0Jacques\u00a0Dutronc": 0,
  "Mini, mini, mini - remastered by\u00a0Jacques\u00a0Dutronc": 5.555555555555555,
  "J'Comprends Pas by\u00a0Jacques\u00a0Dutronc": 1.3333333333333335,
  "Amour Toujours, Tendresse, Caresse by\u00a0Jacques\u00a0Dutronc": 0.7692307692307693,
  "J'ai tout lu, tout vu, tout bu - remastered by\u00a0Jacques\u00a0Dutronc": 0,
  "L'\u00c8re De Rien by\u00a0Jacques\u00a0Dutronc": 0,
  "Face \u00c0 La Merde by\u00a0Jacques\u00a0Dutronc": 0,
  "Le dragueur des supermarches by\u00a0Jacques\u00a0Dutronc": 0,
  "L'\u00c2me s\u0153ur by\u00a0Jacques\u00a0Dutronc": 0,
  "Madame L'Existence by\u00a0Jacques\u00a0Dutronc": 0,
  "Laquelle Des Deux Est La Plus Snob by\u00a0Jacques\u00a0Dutronc": 0,
  "\u00c0 Part \u00c7a by\u00a0Jacques\u00a0Dutronc": 0,
  "L'Homme Et L'Enfant by\u00a0Jacques\u00a0Dutronc": 0,
  "Entrez M'Sieur Dans L'Humanit\u00e9 by\u00a0Jacques\u00a0Dutronc": 2.11864406779661,
  "Le Roi De La F\u00eate by\u00a0Jacques\u00a0Dutronc": 1.9230769230769231,
  "Le Testamour by\u00a0Jacques\u00a0Dutronc": 4.848484848484849,
  "Voulez-Vous by\u00a0Jacques\u00a0Dutronc": 0,
  "L'Amour Est Le Moteur Du Monde by\u00a0Jacques\u00a0Dutronc": 0.0,
  "L'Avant-Guerre C'Est Maintenant by\u00a0Jacques\u00a0Dutronc": 0,
  "Qui Se Soucie De Nous by\u00a0Jacques\u00a0Dutronc": 0,
  "Le fond de l'air est frais by\u00a0Jacques\u00a0Dutronc": 0,
  "Corsica by\u00a0Jacques\u00a0Dutronc": 0,
  "Tous Les Go\u00fbts Sont Dans Ma Nature by\u00a0Jacques\u00a0Dutronc": 0.0,
  "Berceuse by\u00a0Jacques\u00a0Dutronc": 0,
  "Les Gars De La Narine by\u00a0Jacques\u00a0Dutronc": 0,
  "Le Temps De L'Amour by\u00a0Jacques\u00a0Dutronc": 0,
  "La pianiste dans une bo\u00eete \u00e0 Gand by\u00a0Jacques\u00a0Dutronc": 0,
  "Le Bras M\u00e9canique by\u00a0Jacques\u00a0Dutronc": 3.070175438596491,
  "Faut qu'j'rode by\u00a0Jacques\u00a0Dutronc": 0,
  "C'Est Peut \u00catre \u00c7a by\u00a0Jacques\u00a0Dutronc": 0,
  "La Maison Des R\u00eaves by\u00a0Jacques\u00a0Dutronc": 0,
  "Les Petites Annonces by\u00a0Jacques\u00a0Dutronc": 1.2307692307692308,
  "Dou Douce by\u00a0Jacques\u00a0Dutronc": 1.1764705882352942,
  "Et moi, et moi, et moi - remastered by\u00a0Jacques\u00a0Dutronc": 0,
  "La Vie En Live by\u00a0Jacques\u00a0Dutronc": 0.24390243902439024,
  "La fille du p\u00e8re no\u00bfl - live by\u00a0Jacques\u00a0Dutronc": 0.6230529595015576,
  "Rappelez-moi de vous oublier by\u00a0Jacques\u00a0Dutronc": 0,
  "Transat En Solitaire by\u00a0Jacques\u00a0Dutronc": 5.555555555555555,
  "Les playboys - remastered by\u00a0Jacques\u00a0Dutronc": 0,
  "La publicit\u00e9 - 74 by\u00a0Jacques\u00a0Dutronc": 0,
  "Le Combat by\u00a0Jacques\u00a0Dutronc": 0,
  "Br\u00e8ves Rencontres by\u00a0Jacques\u00a0Dutronc": 1.948051948051948,
  "Et moi, et moi, et moi - live 2010 by\u00a0Jacques\u00a0Dutronc": 0.5063291139240507,
  "Hippie hippie hourrah - remastered by\u00a0Jacques\u00a0Dutronc": 0
}