{
  "Mini, Mini, Mini by\u00a0Jacques\u00a0Dutronc": 7.207207207207207,
  "Et Moi, Et Moi, Et Moi by\u00a0Jacques\u00a0Dutronc": 0.8620689655172413,
  "Les Cactus by\u00a0Jacques\u00a0Dutronc": 5.291005291005291,
  "Fais Pas Ci, Fais Pas \u00c7a by\u00a0Jacques\u00a0Dutronc": 3.581267217630854,
  "Il Est Cinq Heures, Paris S'Eveille by\u00a0Jacques\u00a0Dutronc": 0,
  "J'aime les filles by\u00a0Jacques\u00a0Dutronc": 4.0201005025125625,
  "Les Playboys by\u00a0Jacques\u00a0Dutronc": 0,
  "Hippie Hippie Hourrah by\u00a0Jacques\u00a0Dutronc": 5.325443786982249,
  "L'Opportuniste by\u00a0Jacques\u00a0Dutronc": 0,
  "La Fille Du P\u00e8re No\u00ebl by\u00a0Jacques\u00a0Dutronc": 1.5151515151515151,
  "Le Responsable by\u00a0Jacques\u00a0Dutronc": 1.1673151750972763,
  "L'idole by\u00a0Jacques\u00a0Dutronc": 1.1494252873563218,
  "On Nous Cache Tout, On Nous Dit Rien by\u00a0Jacques\u00a0Dutronc": 0.40650406504065045,
  "L'Idole (Je N'En Peux Plus) by\u00a0Jacques\u00a0Dutronc": 3.225806451612903,
  "La M\u00e9taphore by\u00a0Jacques\u00a0Dutronc": 0,
  "J'ai d\u00e9j\u00e0 donn\u00e9 by\u00a0Jacques\u00a0Dutronc": 2.547770700636943,
  "Le Petit Jardin by\u00a0Jacques\u00a0Dutronc": 2.4896265560165975,
  "Les Gens Sont Fous, Les Temps Sont Flous by\u00a0Jacques\u00a0Dutronc": 0,
  "Gentleman Cambrioleur by\u00a0Jacques\u00a0Dutronc": 0,
  "L'Espace D'Une Fille by\u00a0Jacques\u00a0Dutronc": 0.0,
  "Les Rois De La R\u00e9forme by\u00a0Jacques\u00a0Dutronc": 2.1505376344086025,
  "Comment Elles Dorment by\u00a0Jacques\u00a0Dutronc": 0,
  "L'H\u00f4tesse De L'Air by\u00a0Jacques\u00a0Dutronc": 0,
  "Les M\u00e9tamorphoses by\u00a0Jacques\u00a0Dutronc": 0.5434782608695652,
  "\u00c7a Prend, \u00c7a N'Prend Pas by\u00a0Jacques\u00a0Dutronc": 0,
  "L'Augmentation by\u00a0Jacques\u00a0Dutronc": 0,
  "Laisse Lucie Faire by\u00a0Jacques\u00a0Dutronc": 0,
  "J'Ai Mis Un Tigre Dans Ma Guitare by\u00a0Jacques\u00a0Dutronc": 0,
  "L'hymne \u00e0 l'amour (moi l'noeud) by\u00a0Jacques\u00a0Dutronc": 0,
  "Les Roses Fan\u00e9es by\u00a0Jacques\u00a0Dutronc (Ft.\u00a0Jane\u00a0Birkin)": 1.7391304347826086,
  "Le Plus Difficile by\u00a0Jacques\u00a0Dutronc": 0,
  "Merde In France (Cacapoum) by\u00a0Jacques\u00a0Dutronc": 1.8970189701897018,
  "L'Aventurier by\u00a0Jacques\u00a0Dutronc": 11.522633744855968,
  "La Compapad\u00e9 by\u00a0Jacques\u00a0Dutronc": 2.0,
  "A Tout Berzingue by\u00a0Jacques\u00a0Dutronc": 0,
  "Les playboys - version espagnole by\u00a0Jacques\u00a0Dutronc": 0,
  "Opium by\u00a0Jacques\u00a0Dutronc": 0,
  "La Publicit\u00e9 by\u00a0Jacques\u00a0Dutronc": 4.382470119521913,
  "Il est cinq heures, paris s'eveille - remastered by\u00a0Jacques\u00a0Dutronc": 0,
  "Le Courrier Du C\u0153ur by\u00a0Jacques\u00a0Dutronc": 3.4482758620689653,
  "Un Jour Tu Verras by\u00a0Jacques\u00a0Dutronc": 0,
  "Elle m'a rien dit m'a tout dit by\u00a0Jacques\u00a0Dutronc": 2.7439024390243905,
  "Sur Une Nappe De Restaurant by\u00a0Jacques\u00a0Dutronc": 0.0,
  "Elle Est Si... by\u00a0Jacques\u00a0Dutronc": 0,
  "Proverbes by\u00a0Jacques\u00a0Dutronc": 1.644736842105263,
  "Mes Id\u00e9es Sales by\u00a0Jacques\u00a0Dutronc": 0.0,
  "Ballade Comestible by\u00a0Jacques\u00a0Dutronc": 0,
  "A La Vie, A L'Amour by\u00a0Jacques\u00a0Dutronc": 0,
  "Quand C'Est Us\u00e9 On Le Jette by\u00a0Jacques\u00a0Dutronc": 0,
  "Mini, mini, mini - remastered by\u00a0Jacques\u00a0Dutronc": 7.207207207207207,
  "J'Comprends Pas by\u00a0Jacques\u00a0Dutronc": 1.3513513513513513,
  "Amour Toujours, Tendresse, Caresse by\u00a0Jacques\u00a0Dutronc": 0.8403361344537815,
  "J'ai tout lu, tout vu, tout bu - remastered by\u00a0Jacques\u00a0Dutronc": 0,
  "L'\u00c8re De Rien by\u00a0Jacques\u00a0Dutronc": 0,
  "Face \u00c0 La Merde by\u00a0Jacques\u00a0Dutronc": 0,
  "Le dragueur des supermarches by\u00a0Jacques\u00a0Dutronc": 0,
  "L'\u00c2me s\u0153ur by\u00a0Jacques\u00a0Dutronc": 0,
  "Madame L'Existence by\u00a0Jacques\u00a0Dutronc": 0,
  "Laquelle Des Deux Est La Plus Snob by\u00a0Jacques\u00a0Dutronc": 0,
  "\u00c0 Part \u00c7a by\u00a0Jacques\u00a0Dutronc": 0,
  "L'Homme Et L'Enfant by\u00a0Jacques\u00a0Dutronc": 0,
  "Entrez M'Sieur Dans L'Humanit\u00e9 by\u00a0Jacques\u00a0Dutronc": 2.4630541871921183,
  "Le Roi De La F\u00eate by\u00a0Jacques\u00a0Dutronc": 2.1406727828746175,
  "Le Testamour by\u00a0Jacques\u00a0Dutronc": 5.031446540880504,
  "Voulez-Vous by\u00a0Jacques\u00a0Dutronc": 0,
  "L'Amour Est Le Moteur Du Monde by\u00a0Jacques\u00a0Dutronc": 0.0,
  "L'Avant-Guerre C'Est Maintenant by\u00a0Jacques\u00a0Dutronc": 0,
  "Qui Se Soucie De Nous by\u00a0Jacques\u00a0Dutronc": 0,
  "Le fond de l'air est frais by\u00a0Jacques\u00a0Dutronc": 0,
  "Corsica by\u00a0Jacques\u00a0Dutronc": 0,
  "Tous Les Go\u00fbts Sont Dans Ma Nature by\u00a0Jacques\u00a0Dutronc": 0.0,
  "Berceuse by\u00a0Jacques\u00a0Dutronc": 0,
  "Les Gars De La Narine by\u00a0Jacques\u00a0Dutronc": 0,
  "Le Temps De L'Amour by\u00a0Jacques\u00a0Dutronc": 0,
  "La pianiste dans une bo\u00eete \u00e0 Gand by\u00a0Jacques\u00a0Dutronc": 0,
  "Le Bras M\u00e9canique by\u00a0Jacques\u00a0Dutronc": 3.225806451612903,
  "Faut qu'j'rode by\u00a0Jacques\u00a0Dutronc": 0,
  "C'Est Peut \u00catre \u00c7a by\u00a0Jacques\u00a0Dutronc": 0,
  "La Maison Des R\u00eaves by\u00a0Jacques\u00a0Dutronc": 0,
  "Les Petites Annonces by\u00a0Jacques\u00a0Dutronc": 1.3377926421404682,
  "Dou Douce by\u00a0Jacques\u00a0Dutronc": 1.1904761904761905,
  "Et moi, et moi, et moi - remastered by\u00a0Jacques\u00a0Dutronc": 0,
  "La Vie En Live by\u00a0Jacques\u00a0Dutronc": 0.2518891687657431,
  "La fille du p\u00e8re no\u00bfl - live by\u00a0Jacques\u00a0Dutronc": 0.7117437722419928,
  "Rappelez-moi de vous oublier by\u00a0Jacques\u00a0Dutronc": 0,
  "Transat En Solitaire by\u00a0Jacques\u00a0Dutronc": 5.825242718446602,
  "Les playboys - remastered by\u00a0Jacques\u00a0Dutronc": 0,
  "La publicit\u00e9 - 74 by\u00a0Jacques\u00a0Dutronc": 0,
  "Le Combat by\u00a0Jacques\u00a0Dutronc": 0,
  "Br\u00e8ves Rencontres by\u00a0Jacques\u00a0Dutronc": 2.3255813953488373,
  "Et moi, et moi, et moi - live 2010 by\u00a0Jacques\u00a0Dutronc": 0.5494505494505495,
  "Hippie hippie hourrah - remastered by\u00a0Jacques\u00a0Dutronc": 0
}